,CTUID,DGUID,CTNAME,LANDAREA,PRUID,total_hospitals_within_30_mins_before,total_hospitals_within_30_mins_after,total_hospitals_within_30_mins_diff
0,5350128.04,2021S05075350128.04,0128.04,0.162,35,3.0,5.0,2.0
1,5350363.06,2021S05075350363.06,0363.06,0.821,35,2.0,4.0,2.0
2,5350363.07,2021S05075350363.07,0363.07,2.2422,35,2.0,3.0,1.0
3,5350378.23,2021S05075350378.23,0378.23,1.5314,35,0.0,0.0,0.0
4,5350378.24,2021S05075350378.24,0378.24,2.5129,35,0.0,0.0,0.0
5,5350010.01,2021S05075350010.01,0010.01,0.2476,35,4.0,6.0,2.0
6,5350010.02,2021S05075350010.02,0010.02,0.5382,35,7.0,10.0,3.0
7,5350001.0,2021S05075350001.00,0001.00,6.8192,35,0.0,0.0,0.0
8,5350002.0,2021S05075350002.00,0002.00,3.3926,35,0.0,0.0,0.0
9,5350003.0,2021S05075350003.00,0003.00,0.9455,35,2.0,5.0,3.0
10,5350004.0,2021S05075350004.00,0004.00,0.3404,35,3.0,4.0,1.0
11,5350005.0,2021S05075350005.00,0005.00,0.3764,35,3.0,6.0,3.0
12,5350006.0,2021S05075350006.00,0006.00,0.0129,35,3.0,6.0,3.0
13,5350009.0,2021S05075350009.00,0009.00,0.1032,35,4.0,5.0,1.0
14,5350014.0,2021S05075350014.00,0014.00,0.4727,35,11.0,13.0,2.0
15,5350015.0,2021S05075350015.00,0015.00,0.286,35,11.0,12.0,1.0
16,5350016.0,2021S05075350016.00,0016.00,0.6317,35,5.0,6.0,1.0
17,5350018.0,2021S05075350018.00,0018.00,0.347,35,1.0,3.0,2.0
18,5350019.0,2021S05075350019.00,0019.00,0.2489,35,1.0,4.0,3.0
19,5350020.0,2021S05075350020.00,0020.00,0.7287,35,0.0,0.0,0.0
20,5350021.0,2021S05075350021.00,0021.00,0.9119,35,0.0,0.0,0.0
21,5350022.0,2021S05075350022.00,0022.00,0.5546,35,0.0,0.0,0.0
22,5350023.0,2021S05075350023.00,0023.00,0.6863,35,0.0,0.0,0.0
23,5350024.0,2021S05075350024.00,0024.00,0.7093,35,0.0,0.0,0.0
24,5350025.0,2021S05075350025.00,0025.00,0.5284,35,0.0,0.0,0.0
25,5350026.0,2021S05075350026.00,0026.00,0.7772,35,1.0,4.0,3.0
26,5350027.0,2021S05075350027.00,0027.00,0.4853,35,1.0,4.0,3.0
27,5350029.0,2021S05075350029.00,0029.00,0.6766,35,2.0,5.0,3.0
28,5350030.0,2021S05075350030.00,0030.00,0.3807,35,3.0,4.0,1.0
29,5350031.0,2021S05075350031.00,0031.00,0.2583,35,10.0,13.0,3.0
30,5350032.0,2021S05075350032.00,0032.00,0.4197,35,11.0,14.0,3.0
31,5350033.0,2021S05075350033.00,0033.00,0.3196,35,8.0,11.0,3.0
32,5350035.0,2021S05075350035.00,0035.00,0.6627,35,11.0,13.0,2.0
33,5350036.0,2021S05075350036.00,0036.00,0.3834,35,12.0,15.0,3.0
34,5350037.0,2021S05075350037.00,0037.00,0.451,35,12.0,14.0,2.0
35,5350038.0,2021S05075350038.00,0038.00,0.3662,35,10.0,11.0,1.0
36,5350039.0,2021S05075350039.00,0039.00,0.3177,35,9.0,10.0,1.0
37,5350040.0,2021S05075350040.00,0040.00,0.3687,35,6.0,9.0,3.0
38,5350041.0,2021S05075350041.00,0041.00,0.3171,35,9.0,11.0,2.0
39,5350042.0,2021S05075350042.00,0042.00,0.4899,35,5.0,8.0,3.0
40,5350043.0,2021S05075350043.00,0043.00,0.5539,35,5.0,7.0,2.0
41,5350045.0,2021S05075350045.00,0045.00,0.2951,35,5.0,7.0,2.0
42,5350046.0,2021S05075350046.00,0046.00,0.4227,35,4.0,6.0,2.0
43,5350048.0,2021S05075350048.00,0048.00,0.3349,35,3.0,5.0,2.0
44,5350049.0,2021S05075350049.00,0049.00,0.4652,35,3.0,4.0,1.0
45,5350051.0,2021S05075350051.00,0051.00,0.6912,35,2.0,5.0,3.0
46,5350052.0,2021S05075350052.00,0052.00,0.5005,35,4.0,6.0,2.0
47,5350053.0,2021S05075350053.00,0053.00,0.6839,35,7.0,8.0,1.0
48,5350054.0,2021S05075350054.00,0054.00,0.7024,35,9.0,11.0,2.0
49,5350055.0,2021S05075350055.00,0055.00,0.2764,35,4.0,7.0,3.0
50,5350056.0,2021S05075350056.00,0056.00,0.5095,35,8.0,11.0,3.0
51,5350057.0,2021S05075350057.00,0057.00,0.2664,35,11.0,12.0,1.0
52,5350058.0,2021S05075350058.00,0058.00,0.3841,35,9.0,10.0,1.0
53,5350059.0,2021S05075350059.00,0059.00,0.3666,35,12.0,14.0,2.0
54,5350060.0,2021S05075350060.00,0060.00,0.2716,35,11.0,13.0,2.0
55,5350061.0,2021S05075350061.00,0061.00,0.7673,35,11.0,12.0,1.0
56,5350064.0,2021S05075350064.00,0064.00,0.1947,35,8.0,9.0,1.0
57,5350066.0,2021S05075350066.00,0066.00,0.3285,35,11.0,12.0,1.0
58,5350067.0,2021S05075350067.00,0067.00,0.6514,35,1.0,2.0,1.0
59,5350068.0,2021S05075350068.00,0068.00,0.4175,35,6.0,7.0,1.0
60,5350069.0,2021S05075350069.00,0069.00,0.8625,35,2.0,3.0,1.0
61,5350070.0,2021S05075350070.00,0070.00,0.4435,35,4.0,5.0,1.0
62,5350071.0,2021S05075350071.00,0071.00,0.464,35,2.0,4.0,2.0
63,5350073.0,2021S05075350073.00,0073.00,0.3507,35,1.0,4.0,3.0
64,5350074.0,2021S05075350074.00,0074.00,0.3912,35,2.0,5.0,3.0
65,5350075.0,2021S05075350075.00,0075.00,0.5072,35,2.0,5.0,3.0
66,5350076.0,2021S05075350076.00,0076.00,0.4682,35,1.0,2.0,1.0
67,5350077.0,2021S05075350077.00,0077.00,0.5997,35,2.0,5.0,3.0
68,5350078.0,2021S05075350078.00,0078.00,0.7622,35,0.0,0.0,0.0
69,5350079.0,2021S05075350079.00,0079.00,1.0045,35,0.0,0.0,0.0
70,5350081.0,2021S05075350081.00,0081.00,0.368,35,2.0,3.0,1.0
71,5350082.0,2021S05075350082.00,0082.00,0.3084,35,4.0,7.0,3.0
72,5350083.0,2021S05075350083.00,0083.00,0.4464,35,4.0,6.0,2.0
73,5350084.0,2021S05075350084.00,0084.00,0.409,35,4.0,5.0,1.0
74,5350085.0,2021S05075350085.00,0085.00,0.4947,35,4.0,5.0,1.0
75,5350086.0,2021S05075350086.00,0086.00,1.139,35,1.0,3.0,2.0
76,5350087.0,2021S05075350087.00,0087.00,1.6034,35,2.0,4.0,2.0
77,5350088.0,2021S05075350088.00,0088.00,0.2297,35,11.0,14.0,3.0
78,5350089.0,2021S05075350089.00,0089.00,0.3297,35,11.0,13.0,2.0
79,5350090.0,2021S05075350090.00,0090.00,0.3929,35,8.0,9.0,1.0
80,5350092.0,2021S05075350092.00,0092.00,0.6258,35,9.0,11.0,2.0
81,5350093.0,2021S05075350093.00,0093.00,0.6155,35,7.0,8.0,1.0
82,5350094.0,2021S05075350094.00,0094.00,0.6373,35,4.0,7.0,3.0
83,5350095.0,2021S05075350095.00,0095.00,0.3148,35,3.0,5.0,2.0
84,5350098.0,2021S05075350098.00,0098.00,0.7166,35,1.0,3.0,2.0
85,5350099.0,2021S05075350099.00,0099.00,0.5812,35,2.0,3.0,1.0
86,5350100.0,2021S05075350100.00,0100.00,0.2858,35,1.0,3.0,2.0
87,5350101.0,2021S05075350101.00,0101.00,0.4269,35,1.0,3.0,2.0
88,5350103.0,2021S05075350103.00,0103.00,0.8379,35,1.0,3.0,2.0
89,5350104.0,2021S05075350104.00,0104.00,0.7373,35,1.0,3.0,2.0
90,5350105.0,2021S05075350105.00,0105.00,0.5507,35,1.0,3.0,2.0
91,5350106.0,2021S05075350106.00,0106.00,1.3787,35,1.0,4.0,3.0
92,5350107.0,2021S05075350107.00,0107.00,0.7226,35,1.0,4.0,3.0
93,5350108.0,2021S05075350108.00,0108.00,0.7441,35,0.0,0.0,0.0
94,5350109.0,2021S05075350109.00,0109.00,0.6301,35,0.0,0.0,0.0
95,5350110.0,2021S05075350110.00,0110.00,0.5441,35,0.0,0.0,0.0
96,5350111.0,2021S05075350111.00,0111.00,0.4532,35,0.0,0.0,0.0
97,5350112.0,2021S05075350112.00,0112.00,0.5017,35,0.0,0.0,0.0
98,5350113.0,2021S05075350113.00,0113.00,0.3823,35,1.0,2.0,1.0
99,5350114.0,2021S05075350114.00,0114.00,0.6246,35,1.0,4.0,3.0
100,5350115.0,2021S05075350115.00,0115.00,0.3777,35,3.0,5.0,2.0
101,5350116.0,2021S05075350116.00,0116.00,0.6801,35,1.0,4.0,3.0
102,5350117.0,2021S05075350117.00,0117.00,0.3983,35,9.0,11.0,2.0
103,5350118.0,2021S05075350118.00,0118.00,0.6969,35,3.0,4.0,1.0
104,5350119.0,2021S05075350119.00,0119.00,0.8489,35,5.0,6.0,1.0
105,5350120.0,2021S05075350120.00,0120.00,0.2586,35,8.0,10.0,2.0
106,5350121.0,2021S05075350121.00,0121.00,0.2974,35,6.0,7.0,1.0
107,5350122.0,2021S05075350122.00,0122.00,0.5338,35,2.0,5.0,3.0
108,5350123.0,2021S05075350123.00,0123.00,0.075,35,2.0,5.0,3.0
109,5350124.0,2021S05075350124.00,0124.00,0.5514,35,7.0,9.0,2.0
110,5350125.0,2021S05075350125.00,0125.00,1.1201,35,2.0,5.0,3.0
111,5350126.0,2021S05075350126.00,0126.00,1.4493,35,0.0,0.0,0.0
112,5350127.0,2021S05075350127.00,0127.00,0.7405,35,4.0,6.0,2.0
113,5350129.0,2021S05075350129.00,0129.00,0.9274,35,2.0,3.0,1.0
114,5350130.0,2021S05075350130.00,0130.00,1.279,35,0.0,0.0,0.0
115,5350131.0,2021S05075350131.00,0131.00,1.0444,35,1.0,2.0,1.0
116,5350132.0,2021S05075350132.00,0132.00,0.9246,35,0.0,0.0,0.0
117,5350133.0,2021S05075350133.00,0133.00,0.6675,35,1.0,3.0,2.0
118,5350134.0,2021S05075350134.00,0134.00,0.417,35,0.0,0.0,0.0
119,5350135.0,2021S05075350135.00,0135.00,0.7162,35,0.0,0.0,0.0
120,5350137.0,2021S05075350137.00,0137.00,0.9142,35,0.0,0.0,0.0
121,5350138.0,2021S05075350138.00,0138.00,0.9655,35,1.0,2.0,1.0
122,5350140.0,2021S05075350140.00,0140.00,0.572,35,0.0,0.0,0.0
123,5350142.0,2021S05075350142.00,0142.00,1.0439,35,1.0,2.0,1.0
124,5350150.0,2021S05075350150.00,0150.00,1.071,35,1.0,4.0,3.0
125,5350151.0,2021S05075350151.00,0151.00,0.6388,35,1.0,4.0,3.0
126,5350152.0,2021S05075350152.00,0152.00,0.8517,35,1.0,4.0,3.0
127,5350153.0,2021S05075350153.00,0153.00,0.9311,35,2.0,3.0,1.0
128,5350154.0,2021S05075350154.00,0154.00,2.0905,35,1.0,4.0,3.0
129,5350155.0,2021S05075350155.00,0155.00,0.8071,35,0.0,0.0,0.0
130,5350157.0,2021S05075350157.00,0157.00,0.4606,35,3.0,4.0,1.0
131,5350158.0,2021S05075350158.00,0158.00,0.6353,35,1.0,4.0,3.0
132,5350160.0,2021S05075350160.00,0160.00,0.7312,35,0.0,0.0,0.0
133,5350161.0,2021S05075350161.00,0161.00,0.8113,35,0.0,0.0,0.0
134,5350162.0,2021S05075350162.00,0162.00,0.5757,35,1.0,4.0,3.0
135,5350163.0,2021S05075350163.00,0163.00,0.4542,35,0.0,0.0,0.0
136,5350164.0,2021S05075350164.00,0164.00,0.6282,35,1.0,2.0,1.0
137,5350165.0,2021S05075350165.00,0165.00,0.4849,35,1.0,4.0,3.0
138,5350166.0,2021S05075350166.00,0166.00,0.786,35,1.0,2.0,1.0
139,5350168.0,2021S05075350168.00,0168.00,0.5655,35,1.0,4.0,3.0
140,5350170.0,2021S05075350170.00,0170.00,1.0124,35,1.0,2.0,1.0
141,5350171.0,2021S05075350171.00,0171.00,0.61,35,1.0,3.0,2.0
142,5350172.0,2021S05075350172.00,0172.00,1.207,35,1.0,2.0,1.0
143,5350173.0,2021S05075350173.00,0173.00,0.5942,35,1.0,2.0,1.0
144,5350174.0,2021S05075350174.00,0174.00,1.0531,35,1.0,4.0,3.0
145,5350176.0,2021S05075350176.00,0176.00,1.0009,35,0.0,0.0,0.0
146,5350180.0,2021S05075350180.00,0180.00,0.6138,35,1.0,4.0,3.0
147,5350182.0,2021S05075350182.00,0182.00,0.7605,35,1.0,3.0,2.0
148,5350186.0,2021S05075350186.00,0186.00,1.8682,35,0.0,0.0,0.0
149,5350187.0,2021S05075350187.00,0187.00,1.1945,35,1.0,3.0,2.0
150,5350188.0,2021S05075350188.00,0188.00,0.552,35,1.0,2.0,1.0
151,5350189.0,2021S05075350189.00,0189.00,1.2261,35,0.0,0.0,0.0
152,5350191.0,2021S05075350191.00,0191.00,0.823,35,0.0,0.0,0.0
153,5350192.0,2021S05075350192.00,0192.00,0.9181,35,1.0,3.0,2.0
154,5350193.0,2021S05075350193.00,0193.00,1.3846,35,0.0,0.0,0.0
155,5350201.0,2021S05075350201.00,0201.00,0.7606,35,0.0,0.0,0.0
156,5350202.0,2021S05075350202.00,0202.00,0.3359,35,0.0,0.0,0.0
157,5350203.0,2021S05075350203.00,0203.00,0.5966,35,0.0,0.0,0.0
158,5350204.0,2021S05075350204.00,0204.00,0.7465,35,0.0,0.0,0.0
159,5350205.0,2021S05075350205.00,0205.00,0.7448,35,0.0,0.0,0.0
160,5350207.0,2021S05075350207.00,0207.00,0.675,35,0.0,0.0,0.0
161,5350208.0,2021S05075350208.00,0208.00,1.2974,35,0.0,0.0,0.0
162,5350209.0,2021S05075350209.00,0209.00,0.681,35,0.0,0.0,0.0
163,5350211.0,2021S05075350211.00,0211.00,3.2763,35,0.0,0.0,0.0
164,5350212.0,2021S05075350212.00,0212.00,1.6941,35,0.0,0.0,0.0
165,5350214.0,2021S05075350214.00,0214.00,2.8231,35,0.0,0.0,0.0
166,5350215.0,2021S05075350215.00,0215.00,2.5734,35,0.0,0.0,0.0
167,5350216.0,2021S05075350216.00,0216.00,1.9782,35,0.0,0.0,0.0
168,5350217.0,2021S05075350217.00,0217.00,1.223,35,0.0,0.0,0.0
169,5350218.0,2021S05075350218.00,0218.00,0.6764,35,0.0,0.0,0.0
170,5350219.0,2021S05075350219.00,0219.00,1.3542,35,0.0,0.0,0.0
171,5350220.0,2021S05075350220.00,0220.00,1.2991,35,0.0,0.0,0.0
172,5350224.0,2021S05075350224.00,0224.00,1.0381,35,0.0,0.0,0.0
173,5350226.0,2021S05075350226.00,0226.00,0.949,35,0.0,0.0,0.0
174,5350227.0,2021S05075350227.00,0227.00,0.4918,35,1.0,3.0,2.0
175,5350228.0,2021S05075350228.00,0228.00,0.8207,35,0.0,0.0,0.0
176,5350229.0,2021S05075350229.00,0229.00,0.3203,35,0.0,0.0,0.0
177,5350231.0,2021S05075350231.00,0231.00,3.0227,35,0.0,0.0,0.0
178,5350232.0,2021S05075350232.00,0232.00,2.0474,35,0.0,0.0,0.0
179,5350233.0,2021S05075350233.00,0233.00,2.0783,35,0.0,0.0,0.0
180,5350234.0,2021S05075350234.00,0234.00,2.1001,35,0.0,0.0,0.0
181,5350239.0,2021S05075350239.00,0239.00,2.5251,35,0.0,0.0,0.0
182,5350241.0,2021S05075350241.00,0241.00,1.0863,35,0.0,0.0,0.0
183,5350242.0,2021S05075350242.00,0242.00,0.6108,35,1.0,3.0,2.0
184,5350245.0,2021S05075350245.00,0245.00,1.4211,35,0.0,0.0,0.0
185,5350246.0,2021S05075350246.00,0246.00,1.0727,35,1.0,2.0,1.0
186,5350261.0,2021S05075350261.00,0261.00,1.9129,35,0.0,0.0,0.0
187,5350264.0,2021S05075350264.00,0264.00,3.4299,35,0.0,0.0,0.0
188,5350265.0,2021S05075350265.00,0265.00,2.6642,35,5.0,8.0,3.0
189,5350266.0,2021S05075350266.00,0266.00,2.7255,35,0.0,0.0,0.0
190,5350267.0,2021S05075350267.00,0267.00,2.7052,35,0.0,0.0,0.0
191,5350268.0,2021S05075350268.00,0268.00,3.0255,35,0.0,0.0,0.0
192,5350275.0,2021S05075350275.00,0275.00,1.9615,35,2.0,4.0,2.0
193,5350277.0,2021S05075350277.00,0277.00,1.0278,35,1.0,4.0,3.0
194,5350278.0,2021S05075350278.00,0278.00,1.3337,35,1.0,4.0,3.0
195,5350280.0,2021S05075350280.00,0280.00,2.1365,35,1.0,2.0,1.0
196,5350282.0,2021S05075350282.00,0282.00,2.2191,35,0.0,0.0,0.0
197,5350284.0,2021S05075350284.00,0284.00,1.4127,35,0.0,0.0,0.0
198,5350285.0,2021S05075350285.00,0285.00,1.1139,35,2.0,4.0,2.0
199,5350286.0,2021S05075350286.00,0286.00,3.2442,35,1.0,2.0,1.0
200,5350288.0,2021S05075350288.00,0288.00,2.6307,35,1.0,3.0,2.0
201,5350289.0,2021S05075350289.00,0289.00,1.3017,35,1.0,2.0,1.0
202,5350292.0,2021S05075350292.00,0292.00,3.7345,35,0.0,0.0,0.0
203,5350293.0,2021S05075350293.00,0293.00,2.0084,35,1.0,4.0,3.0
204,5350295.0,2021S05075350295.00,0295.00,1.0854,35,0.0,0.0,0.0
205,5350296.0,2021S05075350296.00,0296.00,4.6465,35,0.0,0.0,0.0
206,5350298.0,2021S05075350298.00,0298.00,2.2618,35,0.0,0.0,0.0
207,5350303.0,2021S05075350303.00,0303.00,1.0633,35,0.0,0.0,0.0
208,5350309.0,2021S05075350309.00,0309.00,0.7366,35,2.0,3.0,1.0
209,5350313.0,2021S05075350313.00,0313.00,2.87,35,1.0,2.0,1.0
210,5350319.0,2021S05075350319.00,0319.00,1.2016,35,1.0,4.0,3.0
211,5350330.0,2021S05075350330.00,0330.00,2.2367,35,0.0,0.0,0.0
212,5350332.0,2021S05075350332.00,0332.00,1.53,35,1.0,2.0,1.0
213,5350333.0,2021S05075350333.00,0333.00,2.4472,35,0.0,0.0,0.0
214,5350334.0,2021S05075350334.00,0334.00,2.448,35,0.0,0.0,0.0
215,5350335.0,2021S05075350335.00,0335.00,2.2299,35,0.0,0.0,0.0
216,5350336.0,2021S05075350336.00,0336.00,1.6111,35,0.0,0.0,0.0
217,5350338.0,2021S05075350338.00,0338.00,1.6845,35,0.0,0.0,0.0
218,5350339.0,2021S05075350339.00,0339.00,1.8174,35,0.0,0.0,0.0
219,5350340.0,2021S05075350340.00,0340.00,1.2679,35,1.0,2.0,1.0
220,5350342.0,2021S05075350342.00,0342.00,1.2368,35,0.0,0.0,0.0
221,5350343.0,2021S05075350343.00,0343.00,1.1126,35,0.0,0.0,0.0
222,5350345.0,2021S05075350345.00,0345.00,0.7893,35,0.0,0.0,0.0
223,5350347.0,2021S05075350347.00,0347.00,1.4992,35,1.0,2.0,1.0
224,5350348.0,2021S05075350348.00,0348.00,2.3159,35,1.0,4.0,3.0
225,5350349.0,2021S05075350349.00,0349.00,0.8762,35,0.0,0.0,0.0
226,5350350.0,2021S05075350350.00,0350.00,3.361,35,1.0,3.0,2.0
227,5350352.0,2021S05075350352.00,0352.00,1.1268,35,1.0,3.0,2.0
228,5350354.0,2021S05075350354.00,0354.00,1.3228,35,1.0,3.0,2.0
229,5350356.0,2021S05075350356.00,0356.00,1.5419,35,1.0,2.0,1.0
230,5350359.0,2021S05075350359.00,0359.00,2.2076,35,1.0,3.0,2.0
231,5350360.0,2021S05075350360.00,0360.00,4.5229,35,0.0,0.0,0.0
232,5350365.0,2021S05075350365.00,0365.00,1.5674,35,2.0,4.0,2.0
233,5350366.0,2021S05075350366.00,0366.00,1.4384,35,1.0,4.0,3.0
234,5350369.0,2021S05075350369.00,0369.00,2.4493,35,0.0,0.0,0.0
235,5350371.0,2021S05075350371.00,0371.00,3.7241,35,0.0,0.0,0.0
236,5350372.0,2021S05075350372.00,0372.00,1.3179,35,0.0,0.0,0.0
237,5350373.0,2021S05075350373.00,0373.00,0.9586,35,0.0,0.0,0.0
238,5350012.01,2021S05075350012.01,0012.01,0.4305,35,2.0,5.0,3.0
239,5350034.01,2021S05075350034.01,0034.01,0.1245,35,11.0,12.0,1.0
240,5350034.02,2021S05075350034.02,0034.02,0.3982,35,12.0,14.0,2.0
241,5350299.01,2021S05075350299.01,0299.01,2.8825,35,3.0,4.0,1.0
242,5350299.02,2021S05075350299.02,0299.02,0.1593,35,2.0,3.0,1.0
243,5350305.03,2021S05075350305.03,0305.03,0.7113,35,1.0,4.0,3.0
244,5350307.03,2021S05075350307.03,0307.03,0.1101,35,1.0,4.0,3.0
245,5350307.04,2021S05075350307.04,0307.04,0.153,35,2.0,3.0,1.0
246,5350307.05,2021S05075350307.05,0307.05,0.1046,35,3.0,5.0,2.0
247,5350307.06,2021S05075350307.06,0307.06,0.1042,35,3.0,4.0,1.0
248,5350307.07,2021S05075350307.07,0307.07,1.2246,35,1.0,3.0,2.0
249,5350368.01,2021S05075350368.01,0368.01,0.8885,35,2.0,3.0,1.0
250,5350368.02,2021S05075350368.02,0368.02,1.5627,35,1.0,2.0,1.0
251,5350013.01,2021S05075350013.01,0013.01,0.3431,35,10.0,12.0,2.0
252,5350013.02,2021S05075350013.02,0013.02,0.4225,35,9.0,10.0,1.0
253,5350012.03,2021S05075350012.03,0012.03,0.4664,35,9.0,11.0,2.0
254,5350012.04,2021S05075350012.04,0012.04,0.2407,35,10.0,12.0,2.0
255,5350376.15,2021S05075350376.15,0376.15,0.9131,35,1.0,2.0,1.0
256,5350376.16,2021S05075350376.16,0376.16,0.2715,35,1.0,3.0,2.0
257,5350237.01,2021S05075350237.01,0237.01,1.1853,35,0.0,0.0,0.0
258,5350237.02,2021S05075350237.02,0237.02,0.955,35,0.0,0.0,0.0
259,5350237.03,2021S05075350237.03,0237.03,1.0683,35,0.0,0.0,0.0
260,5350249.01,2021S05075350249.01,0249.01,0.8298,35,0.0,0.0,0.0
261,5350260.01,2021S05075350260.01,0260.01,0.7135,35,0.0,0.0,0.0
262,5350301.01,2021S05075350301.01,0301.01,0.8978,35,1.0,3.0,2.0
263,5350304.01,2021S05075350304.01,0304.01,0.2493,35,0.0,0.0,0.0
264,5350304.02,2021S05075350304.02,0304.02,1.2122,35,1.0,2.0,1.0
265,5350304.03,2021S05075350304.03,0304.03,0.9843,35,0.0,0.0,0.0
266,5350304.04,2021S05075350304.04,0304.04,0.2344,35,1.0,3.0,2.0
267,5350311.02,2021S05075350311.02,0311.02,0.8905,35,1.0,4.0,3.0
268,5350311.03,2021S05075350311.03,0311.03,0.8,35,0.0,0.0,0.0
269,5350311.04,2021S05075350311.04,0311.04,0.9599,35,0.0,0.0,0.0
270,5350312.02,2021S05075350312.02,0312.02,0.5212,35,1.0,2.0,1.0
271,5350312.03,2021S05075350312.03,0312.03,1.4873,35,0.0,0.0,0.0
272,5350315.01,2021S05075350315.01,0315.01,1.5036,35,0.0,0.0,0.0
273,5350315.02,2021S05075350315.02,0315.02,0.4279,35,1.0,3.0,2.0
274,5350316.01,2021S05075350316.01,0316.01,1.7746,35,1.0,4.0,3.0
275,5350324.01,2021S05075350324.01,0324.01,1.1843,35,1.0,3.0,2.0
276,5350324.02,2021S05075350324.02,0324.02,1.8907,35,1.0,2.0,1.0
277,5350324.03,2021S05075350324.03,0324.03,2.1668,35,0.0,0.0,0.0
278,5350375.01,2021S05075350375.01,0375.01,0.9531,35,1.0,3.0,2.0
279,5350375.02,2021S05075350375.02,0375.02,0.6138,35,0.0,0.0,0.0
280,5350375.03,2021S05075350375.03,0375.03,0.8111,35,1.0,2.0,1.0
281,5350376.01,2021S05075350376.01,0376.01,1.046,35,1.0,4.0,3.0
282,5350376.02,2021S05075350376.02,0376.02,0.8583,35,1.0,2.0,1.0
283,5350322.01,2021S05075350322.01,0322.01,0.2081,35,3.0,6.0,3.0
284,5350322.02,2021S05075350322.02,0322.02,1.4061,35,1.0,4.0,3.0
285,5350378.25,2021S05075350378.25,0378.25,4.726,35,0.0,0.0,0.0
286,5350378.26,2021S05075350378.26,0378.26,1.6267,35,0.0,0.0,0.0
287,5350378.27,2021S05075350378.27,0378.27,19.9096,35,0.0,0.0,0.0
288,5350378.28,2021S05075350378.28,0378.28,2.2278,35,0.0,0.0,0.0
289,5350355.05,2021S05075350355.05,0355.05,0.3124,35,0.0,0.0,0.0
290,5350355.06,2021S05075350355.06,0355.06,0.1918,35,1.0,3.0,2.0
291,5350337.01,2021S05075350337.01,0337.01,0.2017,35,0.0,0.0,0.0
292,5350337.02,2021S05075350337.02,0337.02,0.6467,35,0.0,0.0,0.0
293,5350260.06,2021S05075350260.06,0260.06,0.9202,35,1.0,4.0,3.0
294,5350260.07,2021S05075350260.07,0260.07,0.3446,35,0.0,0.0,0.0
295,5350183.01,2021S05075350183.01,0183.01,0.5241,35,1.0,4.0,3.0
296,5350183.02,2021S05075350183.02,0183.02,0.4281,35,1.0,4.0,3.0
297,5350028.01,2021S05075350028.01,0028.01,0.2058,35,1.0,4.0,3.0
298,5350028.02,2021S05075350028.02,0028.02,0.4633,35,1.0,3.0,2.0
299,5350063.03,2021S05075350063.03,0063.03,0.0934,35,9.0,12.0,3.0
300,5350063.04,2021S05075350063.04,0063.04,0.1409,35,11.0,13.0,2.0
301,5350065.01,2021S05075350065.01,0065.01,0.0861,35,8.0,10.0,2.0
302,5350050.01,2021S05075350050.01,0050.01,1.2981,35,0.0,0.0,0.0
303,5350097.01,2021S05075350097.01,0097.01,0.3799,35,6.0,9.0,3.0
304,5350065.02,2021S05075350065.02,0065.02,0.1434,35,3.0,5.0,2.0
305,5350128.02,2021S05075350128.02,0128.02,0.5187,35,4.0,5.0,1.0
306,5350156.01,2021S05075350156.01,0156.01,0.6031,35,2.0,5.0,3.0
307,5350156.02,2021S05075350156.02,0156.02,0.5874,35,1.0,4.0,3.0
308,5350169.01,2021S05075350169.01,0169.01,0.3781,35,1.0,2.0,1.0
309,5350169.02,2021S05075350169.02,0169.02,0.4378,35,0.0,0.0,0.0
310,5350175.01,2021S05075350175.01,0175.01,0.7906,35,1.0,4.0,3.0
311,5350175.02,2021S05075350175.02,0175.02,0.7229,35,1.0,2.0,1.0
312,5350184.01,2021S05075350184.01,0184.01,0.4741,35,3.0,4.0,1.0
313,5350184.02,2021S05075350184.02,0184.02,0.5571,35,2.0,3.0,1.0
314,5350185.01,2021S05075350185.01,0185.01,0.4992,35,2.0,5.0,3.0
315,5350185.02,2021S05075350185.02,0185.02,1.1945,35,3.0,6.0,3.0
316,5350190.01,2021S05075350190.01,0190.01,0.3985,35,1.0,2.0,1.0
317,5350190.02,2021S05075350190.02,0190.02,0.5813,35,0.0,0.0,0.0
318,5350221.01,2021S05075350221.01,0221.01,1.6291,35,0.0,0.0,0.0
319,5350221.02,2021S05075350221.02,0221.02,0.805,35,0.0,0.0,0.0
320,5350222.01,2021S05075350222.01,0222.01,1.2848,35,0.0,0.0,0.0
321,5350222.02,2021S05075350222.02,0222.02,1.2002,35,0.0,0.0,0.0
322,5350230.01,2021S05075350230.01,0230.01,1.4481,35,0.0,0.0,0.0
323,5350230.02,2021S05075350230.02,0230.02,0.9858,35,0.0,0.0,0.0
324,5350235.01,2021S05075350235.01,0235.01,1.4071,35,0.0,0.0,0.0
325,5350235.02,2021S05075350235.02,0235.02,1.078,35,0.0,0.0,0.0
326,5350236.01,2021S05075350236.01,0236.01,0.9868,35,0.0,0.0,0.0
327,5350236.02,2021S05075350236.02,0236.02,3.9589,35,0.0,0.0,0.0
328,5350238.01,2021S05075350238.01,0238.01,1.0368,35,0.0,0.0,0.0
329,5350238.02,2021S05075350238.02,0238.02,0.9766,35,0.0,0.0,0.0
330,5350240.01,2021S05075350240.01,0240.01,1.2712,35,0.0,0.0,0.0
331,5350240.02,2021S05075350240.02,0240.02,1.0371,35,0.0,0.0,0.0
332,5350243.01,2021S05075350243.01,0243.01,0.3152,35,0.0,0.0,0.0
333,5350243.02,2021S05075350243.02,0243.02,1.2154,35,0.0,0.0,0.0
334,5350063.05,2021S05075350063.05,0063.05,0.1299,35,11.0,12.0,1.0
335,5350248.02,2021S05075350248.02,0248.02,1.2135,35,1.0,2.0,1.0
336,5350250.01,2021S05075350250.01,0250.01,1.3886,35,0.0,0.0,0.0
337,5350250.02,2021S05075350250.02,0250.02,1.9387,35,0.0,0.0,0.0
338,5350262.01,2021S05075350262.01,0262.01,0.6709,35,0.0,0.0,0.0
339,5350262.02,2021S05075350262.02,0262.02,2.146,35,0.0,0.0,0.0
340,5350270.01,2021S05075350270.01,0270.01,1.1233,35,0.0,0.0,0.0
341,5350270.02,2021S05075350270.02,0270.02,0.7566,35,0.0,0.0,0.0
342,5350273.01,2021S05075350273.01,0273.01,3.1903,35,1.0,2.0,1.0
343,5350273.02,2021S05075350273.02,0273.02,1.2888,35,0.0,0.0,0.0
344,5350276.01,2021S05075350276.01,0276.01,1.2261,35,1.0,2.0,1.0
345,5350276.02,2021S05075350276.02,0276.02,1.2826,35,1.0,2.0,1.0
346,5350279.01,2021S05075350279.01,0279.01,1.2144,35,0.0,0.0,0.0
347,5350279.02,2021S05075350279.02,0279.02,1.5756,35,0.0,0.0,0.0
348,5350283.01,2021S05075350283.01,0283.01,0.919,35,0.0,0.0,0.0
349,5350283.02,2021S05075350283.02,0283.02,1.1649,35,0.0,0.0,0.0
350,5350287.02,2021S05075350287.02,0287.02,1.058,35,1.0,2.0,1.0
351,5350294.01,2021S05075350294.01,0294.01,0.8618,35,1.0,2.0,1.0
352,5350294.02,2021S05075350294.02,0294.02,1.0199,35,0.0,0.0,0.0
353,5350297.01,2021S05075350297.01,0297.01,1.1337,35,1.0,3.0,2.0
354,5350297.02,2021S05075350297.02,0297.02,1.5096,35,0.0,0.0,0.0
355,5350302.01,2021S05075350302.01,0302.01,1.2292,35,0.0,0.0,0.0
356,5350302.02,2021S05075350302.02,0302.02,1.0839,35,0.0,0.0,0.0
357,5350304.05,2021S05075350304.05,0304.05,0.703,35,1.0,2.0,1.0
358,5350304.06,2021S05075350304.06,0304.06,0.7489,35,0.0,0.0,0.0
359,5350308.02,2021S05075350308.02,0308.02,1.4247,35,2.0,4.0,2.0
360,5350312.04,2021S05075350312.04,0312.04,0.7255,35,1.0,4.0,3.0
361,5350063.06,2021S05075350063.06,0063.06,0.1922,35,12.0,15.0,3.0
362,5350317.02,2021S05075350317.02,0317.02,0.4323,35,1.0,3.0,2.0
363,5350320.01,2021S05075350320.01,0320.01,0.7368,35,1.0,4.0,3.0
364,5350320.02,2021S05075350320.02,0320.02,0.8528,35,1.0,4.0,3.0
365,5350323.01,2021S05075350323.01,0323.01,1.0347,35,1.0,3.0,2.0
366,5350323.02,2021S05075350323.02,0323.02,1.8295,35,0.0,0.0,0.0
367,5350128.05,2021S05075350128.05,0128.05,0.1816,35,2.0,5.0,3.0
368,5350331.01,2021S05075350331.01,0331.01,1.574,35,0.0,0.0,0.0
369,5350128.06,2021S05075350128.06,0128.06,0.0858,35,4.0,7.0,3.0
370,5350196.01,2021S05075350196.01,0196.01,0.3774,35,5.0,6.0,1.0
371,5350341.02,2021S05075350341.02,0341.02,0.8044,35,1.0,3.0,2.0
372,5350346.01,2021S05075350346.01,0346.01,1.5133,35,0.0,0.0,0.0
373,5350346.02,2021S05075350346.02,0346.02,0.4,35,0.0,0.0,0.0
374,5350196.02,2021S05075350196.02,0196.02,1.1055,35,2.0,5.0,3.0
375,5350353.02,2021S05075350353.02,0353.02,1.2111,35,1.0,2.0,1.0
376,5350195.01,2021S05075350195.01,0195.01,0.9373,35,4.0,6.0,2.0
377,5350355.02,2021S05075350355.02,0355.02,1.1008,35,0.0,0.0,0.0
378,5350357.01,2021S05075350357.01,0357.01,1.0372,35,1.0,4.0,3.0
379,5350357.02,2021S05075350357.02,0357.02,1.0921,35,0.0,0.0,0.0
380,5350358.01,2021S05075350358.01,0358.01,1.1212,35,0.0,0.0,0.0
381,5350358.02,2021S05075350358.02,0358.02,0.6179,35,0.0,0.0,0.0
382,5350358.03,2021S05075350358.03,0358.03,1.0926,35,2.0,5.0,3.0
383,5350195.02,2021S05075350195.02,0195.02,0.3781,35,4.0,7.0,3.0
384,5350363.02,2021S05075350363.02,0363.02,1.1895,35,1.0,4.0,3.0
385,5350139.01,2021S05075350139.01,0139.01,0.7736,35,1.0,4.0,3.0
386,5350364.01,2021S05075350364.01,0364.01,2.863,35,1.0,3.0,2.0
387,5350364.02,2021S05075350364.02,0364.02,0.7384,35,1.0,4.0,3.0
388,5350367.01,2021S05075350367.01,0367.01,0.7132,35,2.0,3.0,1.0
389,5350367.02,2021S05075350367.02,0367.02,1.0307,35,1.0,3.0,2.0
390,5350370.01,2021S05075350370.01,0370.01,1.7559,35,1.0,3.0,2.0
391,5350370.02,2021S05075350370.02,0370.02,2.2738,35,1.0,3.0,2.0
392,5350370.03,2021S05075350370.03,0370.03,0.8572,35,0.0,0.0,0.0
393,5350374.01,2021S05075350374.01,0374.01,1.1867,35,0.0,0.0,0.0
394,5350374.02,2021S05075350374.02,0374.02,0.8023,35,1.0,2.0,1.0
395,5350374.03,2021S05075350374.03,0374.03,0.808,35,1.0,2.0,1.0
396,5350375.04,2021S05075350375.04,0375.04,0.9213,35,1.0,4.0,3.0
397,5350375.05,2021S05075350375.05,0375.05,1.1294,35,0.0,0.0,0.0
398,5350139.02,2021S05075350139.02,0139.02,0.5095,35,0.0,0.0,0.0
399,5350377.02,2021S05075350377.02,0377.02,1.906,35,0.0,0.0,0.0
400,5350377.03,2021S05075350377.03,0377.03,0.6501,35,0.0,0.0,0.0
401,5350287.03,2021S05075350287.03,0287.03,0.4842,35,1.0,4.0,3.0
402,5350378.02,2021S05075350378.02,0378.02,1.0584,35,0.0,0.0,0.0
403,5350378.03,2021S05075350378.03,0378.03,2.198,35,1.0,4.0,3.0
404,5350287.04,2021S05075350287.04,0287.04,0.5939,35,1.0,3.0,2.0
405,5350308.03,2021S05075350308.03,0308.03,0.3967,35,2.0,3.0,1.0
406,5350291.03,2021S05075350291.03,0291.03,0.4174,35,1.0,3.0,2.0
407,5350291.04,2021S05075350291.04,0291.04,0.5131,35,1.0,4.0,3.0
408,5350290.01,2021S05075350290.01,0290.01,0.944,35,1.0,2.0,1.0
409,5350290.02,2021S05075350290.02,0290.02,0.3462,35,1.0,4.0,3.0
410,5350096.01,2021S05075350096.01,0096.01,0.1989,35,0.0,0.0,0.0
411,5350096.02,2021S05075350096.02,0096.02,0.3492,35,5.0,8.0,3.0
412,5350097.03,2021S05075350097.03,0097.03,0.1677,35,0.0,0.0,0.0
413,5350097.04,2021S05075350097.04,0097.04,0.323,35,0.0,0.0,0.0
414,5350008.01,2021S05075350008.01,0008.01,0.3092,35,2.0,4.0,2.0
415,5350008.02,2021S05075350008.02,0008.02,1.9151,35,1.0,4.0,3.0
416,5350047.03,2021S05075350047.03,0047.03,0.1156,35,1.0,3.0,2.0
417,5350047.04,2021S05075350047.04,0047.04,0.2738,35,3.0,4.0,1.0
418,5350102.04,2021S05075350102.04,0102.04,0.1013,35,1.0,3.0,2.0
419,5350102.05,2021S05075350102.05,0102.05,0.119,35,1.0,3.0,2.0
420,5350050.03,2021S05075350050.03,0050.03,1.7111,35,1.0,4.0,3.0
421,5350050.04,2021S05075350050.04,0050.04,0.7566,35,2.0,5.0,3.0
422,5350210.01,2021S05075350210.01,0210.01,2.9534,35,0.0,0.0,0.0
423,5350200.01,2021S05075350200.01,0200.01,0.5578,35,0.0,0.0,0.0
424,5350200.02,2021S05075350200.02,0200.02,0.1472,35,0.0,0.0,0.0
425,5350213.01,2021S05075350213.01,0213.01,0.9423,35,0.0,0.0,0.0
426,5350213.02,2021S05075350213.02,0213.02,7.001,35,1.0,3.0,2.0
427,5350223.01,2021S05075350223.01,0223.01,0.8578,35,0.0,0.0,0.0
428,5350223.02,2021S05075350223.02,0223.02,0.8725,35,0.0,0.0,0.0
429,5350007.01,2021S05075350007.01,0007.01,0.1999,35,3.0,6.0,3.0
430,5350007.02,2021S05075350007.02,0007.02,0.4346,35,3.0,4.0,1.0
431,5350091.01,2021S05075350091.01,0091.01,0.5114,35,12.0,14.0,2.0
432,5350091.02,2021S05075350091.02,0091.02,0.323,35,10.0,12.0,2.0
433,5350141.01,2021S05075350141.01,0141.01,0.5504,35,2.0,5.0,3.0
434,5350141.02,2021S05075350141.02,0141.02,0.6876,35,0.0,0.0,0.0
435,5350181.01,2021S05075350181.01,0181.01,0.5706,35,1.0,4.0,3.0
436,5350181.02,2021S05075350181.02,0181.02,0.6018,35,1.0,2.0,1.0
437,5350206.01,2021S05075350206.01,0206.01,1.1402,35,0.0,0.0,0.0
438,5350206.02,2021S05075350206.02,0206.02,1.0895,35,0.0,0.0,0.0
439,5350244.01,2021S05075350244.01,0244.01,1.4233,35,0.0,0.0,0.0
440,5350244.02,2021S05075350244.02,0244.02,1.4473,35,2.0,4.0,2.0
441,5350263.02,2021S05075350263.02,0263.02,1.9994,35,2.0,3.0,1.0
442,5350271.01,2021S05075350271.01,0271.01,0.8935,35,0.0,0.0,0.0
443,5350271.02,2021S05075350271.02,0271.02,0.7092,35,0.0,0.0,0.0
444,5350272.01,2021S05075350272.01,0272.01,0.4552,35,0.0,0.0,0.0
445,5350272.02,2021S05075350272.02,0272.02,0.9988,35,0.0,0.0,0.0
446,5350274.01,2021S05075350274.01,0274.01,1.5248,35,0.0,0.0,0.0
447,5350274.02,2021S05075350274.02,0274.02,1.3314,35,0.0,0.0,0.0
448,5350291.02,2021S05075350291.02,0291.02,1.1464,35,1.0,4.0,3.0
449,5350302.03,2021S05075350302.03,0302.03,0.6939,35,1.0,3.0,2.0
450,5350310.01,2021S05075350310.01,0310.01,1.4131,35,1.0,3.0,2.0
451,5350310.02,2021S05075350310.02,0310.02,2.1037,35,2.0,4.0,2.0
452,5350312.05,2021S05075350312.05,0312.05,0.3459,35,1.0,2.0,1.0
453,5350314.01,2021S05075350314.01,0314.01,0.4281,35,1.0,4.0,3.0
454,5350314.02,2021S05075350314.02,0314.02,1.0903,35,0.0,0.0,0.0
455,5350315.03,2021S05075350315.03,0315.03,6.0097,35,0.0,0.0,0.0
456,5350316.03,2021S05075350316.03,0316.03,0.4007,35,1.0,4.0,3.0
457,5350316.04,2021S05075350316.04,0316.04,0.461,35,1.0,4.0,3.0
458,5350317.03,2021S05075350317.03,0317.03,1.1854,35,0.0,0.0,0.0
459,5350361.01,2021S05075350361.01,0361.01,2.9344,35,0.0,0.0,0.0
460,5350361.02,2021S05075350361.02,0361.02,2.4706,35,0.0,0.0,0.0
461,5350362.01,2021S05075350362.01,0362.01,2.4932,35,0.0,0.0,0.0
462,5350362.02,2021S05075350362.02,0362.02,1.9403,35,1.0,3.0,2.0
463,5350362.03,2021S05075350362.03,0362.03,3.2757,35,1.0,4.0,3.0
464,5350376.05,2021S05075350376.05,0376.05,1.2908,35,1.0,3.0,2.0
465,5350376.06,2021S05075350376.06,0376.06,2.1919,35,1.0,2.0,1.0
466,5350376.04,2021S05075350376.04,0376.04,1.1941,35,1.0,2.0,1.0
467,5350377.04,2021S05075350377.04,0377.04,0.8833,35,1.0,3.0,2.0
468,5350378.06,2021S05075350378.06,0378.06,1.7819,35,0.0,0.0,0.0
469,5350378.08,2021S05075350378.08,0378.08,0.8857,35,0.0,0.0,0.0
470,5350378.07,2021S05075350378.07,0378.07,2.8047,35,0.0,0.0,0.0
471,5350378.04,2021S05075350378.04,0378.04,1.2793,35,0.0,0.0,0.0
472,5350378.05,2021S05075350378.05,0378.05,0.7276,35,0.0,0.0,0.0
473,5350362.04,2021S05075350362.04,0362.04,1.3474,35,0.0,0.0,0.0
474,5350376.08,2021S05075350376.08,0376.08,0.8788,35,1.0,3.0,2.0
475,5350376.09,2021S05075350376.09,0376.09,0.801,35,0.0,0.0,0.0
476,5350249.03,2021S05075350249.03,0249.03,2.9649,35,1.0,2.0,1.0
477,5350248.03,2021S05075350248.03,0248.03,3.7328,35,0.0,0.0,0.0
478,5350167.01,2021S05075350167.01,0167.01,0.1341,35,10.0,11.0,1.0
479,5350167.02,2021S05075350167.02,0167.02,0.6014,35,1.0,4.0,3.0
480,5350378.11,2021S05075350378.11,0378.11,0.9593,35,0.0,0.0,0.0
481,5350378.12,2021S05075350378.12,0378.12,0.7839,35,1.0,3.0,2.0
482,5350378.14,2021S05075350378.14,0378.14,0.9291,35,0.0,0.0,0.0
483,5350062.01,2021S05075350062.01,0062.01,0.1068,35,10.0,11.0,1.0
484,5350377.06,2021S05075350377.06,0377.06,0.5117,35,0.0,0.0,0.0
485,5350377.07,2021S05075350377.07,0377.07,0.7646,35,0.0,0.0,0.0
486,5350047.02,2021S05075350047.02,0047.02,0.287,35,3.0,6.0,3.0
487,5350102.02,2021S05075350102.02,0102.02,0.1157,35,1.0,2.0,1.0
488,5350102.03,2021S05075350102.03,0102.03,0.1309,35,1.0,2.0,1.0
489,5350136.01,2021S05075350136.01,0136.01,0.192,35,0.0,0.0,0.0
490,5350136.02,2021S05075350136.02,0136.02,0.2101,35,7.0,9.0,2.0
491,5350249.04,2021S05075350249.04,0249.04,0.6869,35,0.0,0.0,0.0
492,5350249.05,2021S05075350249.05,0249.05,0.6431,35,1.0,2.0,1.0
493,5350080.01,2021S05075350080.01,0080.01,0.4847,35,1.0,2.0,1.0
494,5350080.02,2021S05075350080.02,0080.02,0.4044,35,2.0,3.0,1.0
495,5350072.01,2021S05075350072.01,0072.01,0.4061,35,1.0,4.0,3.0
496,5350072.02,2021S05075350072.02,0072.02,0.5419,35,1.0,2.0,1.0
497,5350159.01,2021S05075350159.01,0159.01,0.4925,35,1.0,2.0,1.0
498,5350159.02,2021S05075350159.02,0159.02,0.5785,35,1.0,3.0,2.0
499,5350225.01,2021S05075350225.01,0225.01,0.9188,35,0.0,0.0,0.0
500,5350225.02,2021S05075350225.02,0225.02,0.3045,35,0.0,0.0,0.0
501,5350260.04,2021S05075350260.04,0260.04,0.1881,35,0.0,0.0,0.0
502,5350260.05,2021S05075350260.05,0260.05,0.2543,35,0.0,0.0,0.0
503,5350247.01,2021S05075350247.01,0247.01,17.2448,35,0.0,0.0,0.0
504,5350247.02,2021S05075350247.02,0247.02,3.2287,35,1.0,4.0,3.0
505,5350248.04,2021S05075350248.04,0248.04,1.4771,35,1.0,4.0,3.0
506,5350248.05,2021S05075350248.05,0248.05,1.1307,35,1.0,4.0,3.0
507,5350281.01,2021S05075350281.01,0281.01,0.9657,35,1.0,2.0,1.0
508,5350281.02,2021S05075350281.02,0281.02,0.4129,35,0.0,0.0,0.0
509,5350301.03,2021S05075350301.03,0301.03,0.2736,35,1.0,3.0,2.0
510,5350301.04,2021S05075350301.04,0301.04,1.4262,35,0.0,0.0,0.0
511,5350263.03,2021S05075350263.03,0263.03,1.5561,35,0.0,0.0,0.0
512,5350263.04,2021S05075350263.04,0263.04,0.6751,35,0.0,0.0,0.0
513,5350305.01,2021S05075350305.01,0305.01,2.4076,35,0.0,0.0,0.0
514,5350306.01,2021S05075350306.01,0306.01,1.1721,35,0.0,0.0,0.0
515,5350306.02,2021S05075350306.02,0306.02,1.1185,35,0.0,0.0,0.0
516,5350312.06,2021S05075350312.06,0312.06,0.4584,35,2.0,4.0,2.0
517,5350312.07,2021S05075350312.07,0312.07,0.6223,35,0.0,0.0,0.0
518,5350316.05,2021S05075350316.05,0316.05,0.4047,35,1.0,4.0,3.0
519,5350316.06,2021S05075350316.06,0316.06,0.4052,35,1.0,2.0,1.0
520,5350321.01,2021S05075350321.01,0321.01,1.2567,35,1.0,2.0,1.0
521,5350321.02,2021S05075350321.02,0321.02,1.2172,35,1.0,3.0,2.0
522,5350324.05,2021S05075350324.05,0324.05,0.6557,35,0.0,0.0,0.0
523,5350324.06,2021S05075350324.06,0324.06,0.6561,35,0.0,0.0,0.0
524,5350331.03,2021S05075350331.03,0331.03,0.5097,35,0.0,0.0,0.0
525,5350331.04,2021S05075350331.04,0331.04,1.1055,35,0.0,0.0,0.0
526,5350351.01,2021S05075350351.01,0351.01,0.9749,35,0.0,0.0,0.0
527,5350351.02,2021S05075350351.02,0351.02,0.5669,35,1.0,4.0,3.0
528,5350353.03,2021S05075350353.03,0353.03,0.4081,35,1.0,2.0,1.0
529,5350353.04,2021S05075350353.04,0353.04,0.6296,35,0.0,0.0,0.0
530,5350355.04,2021S05075350355.04,0355.04,0.5752,35,1.0,3.0,2.0
531,5350363.04,2021S05075350363.04,0363.04,1.1258,35,1.0,3.0,2.0
532,5350363.05,2021S05075350363.05,0363.05,0.5046,35,1.0,4.0,3.0
533,5350376.11,2021S05075350376.11,0376.11,0.4704,35,1.0,3.0,2.0
534,5350376.12,2021S05075350376.12,0376.12,0.9122,35,1.0,3.0,2.0
535,5350376.13,2021S05075350376.13,0376.13,0.511,35,1.0,2.0,1.0
536,5350376.14,2021S05075350376.14,0376.14,0.7362,35,1.0,3.0,2.0
537,5350378.16,2021S05075350378.16,0378.16,0.6381,35,0.0,0.0,0.0
538,5350378.17,2021S05075350378.17,0378.17,0.474,35,0.0,0.0,0.0
539,5350311.05,2021S05075350311.05,0311.05,0.3457,35,2.0,3.0,1.0
540,5350311.06,2021S05075350311.06,0311.06,10.2352,35,1.0,2.0,1.0
541,5350378.18,2021S05075350378.18,0378.18,0.0909,35,0.0,0.0,0.0
542,5350378.19,2021S05075350378.19,0378.19,4.5022,35,0.0,0.0,0.0
543,5350378.2,2021S05075350378.20,0378.20,0.1095,35,0.0,0.0,0.0
544,5350378.21,2021S05075350378.21,0378.21,0.7018,35,0.0,0.0,0.0
545,5350378.22,2021S05075350378.22,0378.22,0.5321,35,0.0,0.0,0.0
546,5350194.01,2021S05075350194.01,0194.01,0.2711,35,0.0,0.0,0.0
547,5350194.02,2021S05075350194.02,0194.02,0.3063,35,0.0,0.0,0.0
548,5350194.03,2021S05075350194.03,0194.03,0.2502,35,0.0,0.0,0.0
549,5350194.04,2021S05075350194.04,0194.04,2.2646,35,0.0,0.0,0.0
550,5350317.04,2021S05075350317.04,0317.04,0.7174,35,2.0,4.0,2.0
551,5350317.05,2021S05075350317.05,0317.05,0.4948,35,2.0,5.0,3.0
552,5350341.03,2021S05075350341.03,0341.03,0.4,35,1.0,2.0,1.0
553,5350341.04,2021S05075350341.04,0341.04,0.671,35,1.0,4.0,3.0
554,5350250.04,2021S05075350250.04,0250.04,0.485,35,0.0,0.0,0.0
555,5350250.05,2021S05075350250.05,0250.05,0.6689,35,0.0,0.0,0.0
556,5350269.01,2021S05075350269.01,0269.01,0.7469,35,1.0,4.0,3.0
557,5350269.02,2021S05075350269.02,0269.02,1.754,35,0.0,0.0,0.0
558,5350344.01,2021S05075350344.01,0344.01,1.0624,35,1.0,4.0,3.0
559,5350344.02,2021S05075350344.02,0344.02,0.2228,35,1.0,2.0,1.0
560,5350011.01,2021S05075350011.01,0011.01,0.4611,35,12.0,13.0,1.0
561,5350011.02,2021S05075350011.02,0011.02,0.2877,35,12.0,14.0,2.0
562,5350011.03,2021S05075350011.03,0011.03,0.2315,35,12.0,15.0,3.0
563,5350044.01,2021S05075350044.01,0044.01,0.3972,35,4.0,7.0,3.0
564,5350044.02,2021S05075350044.02,0044.02,0.0932,35,4.0,7.0,3.0
565,5350300.01,2021S05075350300.01,0300.01,0.1208,35,4.0,6.0,2.0
566,5350300.02,2021S05075350300.02,0300.02,0.2063,35,0.0,0.0,0.0
567,5350300.03,2021S05075350300.03,0300.03,0.7065,35,0.0,0.0,0.0
568,5350318.01,2021S05075350318.01,0318.01,1.415,35,2.0,4.0,2.0
569,5350318.02,2021S05075350318.02,0318.02,0.4914,35,3.0,6.0,3.0
570,5350305.05,2021S05075350305.05,0305.05,0.3747,35,1.0,2.0,1.0
571,5350305.06,2021S05075350305.06,0305.06,0.6291,35,1.0,2.0,1.0
572,5350377.08,2021S05075350377.08,0377.08,1.2682,35,1.0,4.0,3.0
573,5350377.09,2021S05075350377.09,0377.09,0.7807,35,0.0,0.0,0.0
574,5350308.05,2021S05075350308.05,0308.05,0.7395,35,1.0,2.0,1.0
575,5350308.06,2021S05075350308.06,0308.06,0.1911,35,3.0,6.0,3.0
576,5350308.07,2021S05075350308.07,0308.07,0.1545,35,3.0,6.0,3.0
577,5350210.03,2021S05075350210.03,0210.03,0.4539,35,0.0,0.0,0.0
578,5350210.04,2021S05075350210.04,0210.04,0.4751,35,1.0,4.0,3.0
579,5350062.03,2021S05075350062.03,0062.03,0.4638,35,11.0,12.0,1.0
580,5350062.04,2021S05075350062.04,0062.04,0.1215,35,12.0,13.0,1.0
581,5350017.01,2021S05075350017.01,0017.01,0.8026,35,1.0,3.0,2.0
582,5350017.02,2021S05075350017.02,0017.02,0.5681,35,2.0,4.0,2.0
